,ref,tar,pos
240,C,T,240
3036,C,T,3036
3046,G,T,3046
7107,C,T,7107
9810,C,-,9810
9811,T,-,9811
9812,-,N,9812
9813,-,N,9813
12748,C,A,12748
14409,C,T,14409
20743,A,C,20743
23404,A,G,23404
23588,G,T,23588
24673,C,-,24673
24674,A,-,24674
24675,-,N,24675
24676,-,N,24676
27925,T,C,27925
28884,G,-,28884
28885,G,-,28885
28886,G,-,28886
28887,-,A,28887
28888,-,A,28888
28889,-,C,28889
29843,C,-,29843
29844,C,-,29844
29845,A,-,29845
29846,T,-,29846
29847,G,-,29847
29848,T,-,29848
29849,G,-,29849
29850,A,-,29850
29851,T,-,29851
29852,T,-,29852
29853,T,-,29853
29854,T,-,29854
29855,A,-,29855
29856,A,-,29856
29857,T,-,29857
29858,A,-,29858
29859,G,-,29859
29860,C,-,29860
29861,T,-,29861
29862,T,-,29862
29863,C,-,29863
29864,T,-,29864
29865,T,-,29865
29866,A,-,29866
29867,G,-,29867
29868,G,-,29868
29869,A,-,29869
29870,G,-,29870
29871,A,-,29871
29872,A,-,29872
29873,T,-,29873
29874,G,-,29874
29875,A,-,29875
29876,C,-,29876
29877,A,-,29877
29878,A,-,29878
29879,A,-,29879
29880,A,-,29880
29881,A,-,29881
29882,A,-,29882
29883,A,-,29883
29884,A,-,29884
29885,A,-,29885
29886,A,-,29886
29887,A,-,29887
29888,A,-,29888
29889,A,-,29889
29890,A,-,29890
29891,A,-,29891
29892,A,-,29892
29893,A,-,29893
29894,A,-,29894
29895,A,-,29895
29896,A,-,29896
29897,A,-,29897
29898,A,-,29898
29899,A,-,29899
29900,A,-,29900
29901,A,-,29901
29902,A,-,29902
29903,A,-,29903
29904,A,-,29904
29905,A,-,29905
29906,A,-,29906
29907,A,-,29907
29908,A,-,29908
29909,A,-,29909
